{
	"credit": "Made with Blockbench",
	"texture_size": [64, 64],
	"textures": {
		"0": "agape_space:block/assembler",
		"particle": "agape_space:block/assembler"
	},
	"elements": [
		{
			"from": [13, 0, 0],
			"to": [16, 16, 16],
			"faces": {
				"north": {"uv": [0, 12, 0.75, 16], "texture": "#0"},
				"east": {"uv": [0, 4, 4, 8], "texture": "#0"},
				"south": {"uv": [0, 12, 0.75, 16], "texture": "#0"},
				"west": {"uv": [4, 4, 8, 8], "texture": "#0"},
				"up": {"uv": [0.75, 12, 1.5, 16], "texture": "#0"},
				"down": {"uv": [12, 0, 8, 4], "texture": "#0"}
			}
		},
		{
			"from": [3, 0, 1],
			"to": [13, 15, 15],
			"rotation": {"angle": 0, "axis": "y", "origin": [-3, 0, 0]},
			"faces": {
				"north": {"uv": [5, 8, 7.5, 11.75], "texture": "#0"},
				"east": {"uv": [0, 4, 4, 8], "texture": "#0"},
				"south": {"uv": [2.5, 8, 5, 11.75], "texture": "#0"},
				"west": {"uv": [4, 4, 8, 8], "texture": "#0"},
				"up": {"uv": [2.5, 11.5, 0, 8], "texture": "#0"},
				"down": {"uv": [12, 0, 8, 4], "texture": "#0"}
			}
		},
		{
			"from": [0, 0, 1],
			"to": [3, 13, 15],
			"faces": {
				"north": {"uv": [11.5, 4, 12.25, 7.25], "texture": "#0"},
				"east": {"uv": [0, 0, 3.5, 3.25], "texture": "#0"},
				"south": {"uv": [12.25, 4, 13, 7.25], "texture": "#0"},
				"west": {"uv": [8, 4, 11.5, 7.25], "texture": "#0"},
				"up": {"uv": [13, 4, 13.75, 7.5], "texture": "#0"},
				"down": {"uv": [0, 0, 0.75, 3.5], "texture": "#0"}
			}
		},
		{
			"from": [2.4, 13, 2],
			"to": [4.4, 17, 14],
			"rotation": {"angle": -45, "axis": "z", "origin": [0.4, 15, 0]},
			"faces": {
				"north": {"uv": [15, 3, 16, 3.5], "rotation": 90, "texture": "#0"},
				"east": {"uv": [0, 0, 1, 3], "rotation": 270, "texture": "#0"},
				"south": {"uv": [15, 3.5, 16, 4], "rotation": 270, "texture": "#0"},
				"west": {"uv": [15, 0, 16, 3], "rotation": 270, "texture": "#0"},
				"up": {"uv": [0, 0, 3, 0.5], "rotation": 270, "texture": "#0"},
				"down": {"uv": [0, 0, 3, 0.5], "rotation": 270, "texture": "#0"}
			}
		}
	]
}