{
	"credit": "Made with Blockbench",
	"textures": {
		"0": "agape_space:block/deco_table",
		"1": "agape_space:block/deco_table_effect",
		"particle": "agape_space:block/deco_table"
	},
	"elements": [
		{
			"from": [0, 12, 0],
			"to": [16, 16, 16],
			"faces": {
				"north": {"uv": [0, 8, 8, 10], "texture": "#0"},
				"east": {"uv": [0, 8, 8, 10], "texture": "#0"},
				"south": {"uv": [0, 8, 8, 10], "texture": "#0"},
				"west": {"uv": [0, 8, 8, 10], "texture": "#0"},
				"up": {"uv": [0, 0, 8, 8], "texture": "#0"},
				"down": {"uv": [11.5, 0, 16, 2], "texture": "#0"}
			}
		},
		{
			"from": [0, 0, 0],
			"to": [4, 12, 16],
			"faces": {
				"north": {"uv": [6, 10, 8, 16], "texture": "#0"},
				"east": {"uv": [8, 10, 16, 16], "texture": "#0"},
				"south": {"uv": [6, 10, 8, 16], "texture": "#0"},
				"west": {"uv": [8, 10, 16, 16], "texture": "#0"},
				"up": {"uv": [4, 32, 0, 16], "texture": "#0"},
				"down": {"uv": [20, 16, 16, 32], "texture": "#0"}
			}
		},
		{
			"from": [-6, 7, 0.05],
			"to": [-2, 15, 15.95],
			"rotation": {"angle": -45, "axis": "z", "origin": [0, 0, 0]},
			"faces": {
				"north": {"uv": [14, 0, 16, 2], "rotation": 90, "texture": "#0"},
				"east": {"uv": [12, 2, 16, 9.95], "rotation": 270, "texture": "#0"},
				"south": {"uv": [14, 0, 16, 2], "rotation": 270, "texture": "#0"}
			}
		},
		{
			"from": [3, 16, 3],
			"to": [13, 17, 13],
			"faces": {
				"north": {"uv": [6, 2, 16, 3], "texture": "#1"},
				"east": {"uv": [6, 3, 16, 4], "texture": "#1"},
				"south": {"uv": [6, 4, 16, 5], "texture": "#1"},
				"west": {"uv": [6, 1, 16, 2], "texture": "#1"},
				"up": {"uv": [6, 6, 16, 16], "texture": "#1"},
				"down": {"uv": [5, 11, 0, 16], "texture": "#1"}
			}
		}
	]
}