{
	"credit": "Made with Blockbench",
	"texture_size": [64, 64],
	"textures": {
		"0": "agape_space:block/fluid_extractor",
		"particle": "agape_space:block/fluid_extractor"
	},
	"elements": [
		{
			"from": [0, 0, 0],
			"to": [16, 7, 16],
			"faces": {
				"north": {"uv": [0, 0, 8, 3.5], "texture": "#0"},
				"east": {"uv": [0, 0, 8, 3.5], "texture": "#0"},
				"south": {"uv": [0, 0, 8, 3.5], "texture": "#0"},
				"west": {"uv": [0, 0, 8, 3.5], "texture": "#0"},
				"up": {"uv": [8, 8, 16, 16], "texture": "#0"},
				"down": {"uv": [0, 8, 8, 16], "texture": "#0"}
			}
		},
		{
			"from": [5, 11, 5],
			"to": [11, 16, 11],
			"faces": {
				"north": {"uv": [0, 3.5, 3, 6], "texture": "#0"},
				"east": {"uv": [0, 3.5, 3, 6], "texture": "#0"},
				"south": {"uv": [0, 3.5, 3, 6], "texture": "#0"},
				"west": {"uv": [0, 3.5, 3, 6], "texture": "#0"},
				"up": {"uv": [13, 0, 16, 3], "texture": "#0"},
				"down": {"uv": [0, 0, 1.5, 1.5], "texture": "#0"}
			}
		},
		{
			"from": [3, 7, 3],
			"to": [13, 11, 13],
			"faces": {
				"north": {"uv": [0, 4, 5, 6], "texture": "#0"},
				"east": {"uv": [0, 4, 5, 6], "texture": "#0"},
				"south": {"uv": [0, 4, 5, 6], "texture": "#0"},
				"west": {"uv": [0, 4, 5, 6], "texture": "#0"},
				"up": {"uv": [9.5, 9.5, 14.5, 14.5], "texture": "#0"},
				"down": {"uv": [0, 0, 2.5, 2.5], "texture": "#0"}
			}
		}
	],
	"display": {}
}