{
	"credit": "Made with Blockbench",
	"texture_size": [64, 64],
	"textures": {
		"0": "agape_space:block/oxy_gen",
		"particle": "agape_space:block/oxy_gen"
	},
	"elements": [
		{
			"from": [0, 0, 0],
			"to": [16, 2, 16],
			"faces": {
				"north": {"uv": [12, 11.5, 16, 12], "texture": "#0"},
				"east": {"uv": [12, 11.5, 16, 12], "texture": "#0"},
				"south": {"uv": [12, 11.5, 16, 12], "texture": "#0"},
				"west": {"uv": [12, 11.5, 16, 12], "texture": "#0"},
				"up": {"uv": [12, 12, 16, 16], "texture": "#0"},
				"down": {"uv": [12, 12, 16, 16], "texture": "#0"}
			}
		},
		{
			"from": [1, 2, 1],
			"to": [15, 16, 15],
			"rotation": {"angle": 0, "axis": "y", "origin": [9, 10, 9]},
			"faces": {
				"north": {"uv": [0, 0, 3.5, 3.5], "texture": "#0"},
				"east": {"uv": [0, 0, 3.5, 3.5], "texture": "#0"},
				"south": {"uv": [0, 0, 3.5, 3.5], "texture": "#0"},
				"west": {"uv": [0, 0, 3.5, 3.5], "texture": "#0"},
				"up": {"uv": [0, 0, 3.5, 3.5], "texture": "#0"},
				"down": {"uv": [0, 0, 3.5, 3.5], "texture": "#0"}
			}
		},
		{
			"from": [3, 2, 3],
			"to": [13, 15, 13],
			"rotation": {"angle": 0, "axis": "y", "origin": [11, 10, 11]},
			"faces": {
				"north": {"uv": [13.5, 0, 16, 3.25], "texture": "#0"},
				"east": {"uv": [13.5, 0, 16, 3.25], "texture": "#0"},
				"south": {"uv": [13.5, 0, 16, 3.25], "texture": "#0"},
				"west": {"uv": [13.5, 0, 16, 3.25], "texture": "#0"},
				"up": {"uv": [13.5, 5.25, 16, 7.75], "texture": "#0"},
				"down": {"uv": [0, 0, 2.5, 2.5], "texture": "#0"}
			}
		}
	]
}