{
	"credit": "Made with Blockbench",
	"texture_size": [24, 24],
	"textures": {
		"0": "block/powered_lamp_attach",
		"particle": "block/powered_lamp_attach"
	},
	"elements": [
		{
			"from": [3, 0, 3],
			"to": [13, 1, 13],
			"faces": {
				"north": {"uv": [6.66667, 6.66667, 13.33333, 7.33333], "texture": "#0"},
				"east": {"uv": [0, 6.66667, 6.66667, 7.33333], "texture": "#0"},
				"south": {"uv": [20, 6.66667, 26.66667, 7.33333], "texture": "#0"},
				"west": {"uv": [13.33333, 6.66667, 20, 7.33333], "texture": "#0"},
				"up": {"uv": [13.33333, 6.66667, 6.66667, 0], "texture": "#0"},
				"down": {"uv": [20, 0, 13.33333, 6.66667], "texture": "#0"}
			}
		},
		{
			"from": [4, 1, 4],
			"to": [12, 2, 12],
			"rotation": {"angle": 0, "axis": "y", "origin": [8, 9, 8]},
			"faces": {
				"north": {"uv": [5.33333, 15.33333, 10.66667, 16], "texture": "#0"},
				"east": {"uv": [0, 15.33333, 5.33333, 16], "texture": "#0"},
				"south": {"uv": [16, 15.33333, 21.33333, 16], "texture": "#0"},
				"west": {"uv": [10.66667, 15.33333, 16, 16], "texture": "#0"},
				"up": {"uv": [10.66667, 15.33333, 5.33333, 10], "texture": "#0"},
				"down": {"uv": [16, 10, 10.66667, 15.33333], "texture": "#0"}
			}
		}
	]
}