{
	"credit": "Made with Blockbench",
	"textures": {
		"0": "block/rockpile_a",
		"particle": "block/rockpile_a"
	},
	"elements": [
		{
			"from": [5, 0, 2],
			"to": [14, 5, 12],
			"rotation": {"angle": 0, "axis": "y", "origin": [14, 8, 15]},
			"faces": {
				"north": {"uv": [0, 0, 9, 5], "texture": "#0"},
				"east": {"uv": [0, 0, 10, 5], "texture": "#0"},
				"south": {"uv": [0, 0, 9, 5], "texture": "#0"},
				"west": {"uv": [0, 0, 10, 5], "texture": "#0"},
				"up": {"uv": [0, 0, 9, 10], "texture": "#0"},
				"down": {"uv": [0, 0, 9, 10], "texture": "#0"}
			}
		},
		{
			"from": [2, 0, 3],
			"to": [5, 3, 12],
			"rotation": {"angle": 0, "axis": "y", "origin": [10, 8, 13]},
			"faces": {
				"north": {"uv": [0, 0, 3, 3], "texture": "#0"},
				"east": {"uv": [0, 0, 9, 3], "texture": "#0"},
				"south": {"uv": [0, 0, 3, 3], "texture": "#0"},
				"west": {"uv": [0, 0, 9, 3], "texture": "#0"},
				"up": {"uv": [8, 7, 11, 16], "texture": "#0"},
				"down": {"uv": [0, 0, 3, 9], "texture": "#0"}
			}
		},
		{
			"from": [7, 5, 4],
			"to": [13, 7, 10],
			"rotation": {"angle": 0, "axis": "y", "origin": [18, 12, 14]},
			"faces": {
				"north": {"uv": [0, 0, 6, 2], "texture": "#0"},
				"east": {"uv": [0, 0, 6, 2], "texture": "#0"},
				"south": {"uv": [0, 0, 6, 2], "texture": "#0"},
				"west": {"uv": [0, 0, 6, 2], "texture": "#0"},
				"up": {"uv": [10, 0, 16, 6], "texture": "#0"},
				"down": {"uv": [0, 0, 6, 6], "texture": "#0"}
			}
		},
		{
			"from": [2, 0, 12],
			"to": [12, 3, 14],
			"rotation": {"angle": 0, "axis": "y", "origin": [15, 8, 20]},
			"faces": {
				"north": {"uv": [0, 0, 10, 3], "texture": "#0"},
				"east": {"uv": [0, 0, 2, 3], "texture": "#0"},
				"south": {"uv": [0, 0, 10, 3], "texture": "#0"},
				"west": {"uv": [0, 0, 2, 3], "texture": "#0"},
				"up": {"uv": [0, 12, 10, 14], "texture": "#0"},
				"down": {"uv": [0, 0, 10, 2], "texture": "#0"}
			}
		}
	]
}