{
	"credit": "Made with Blockbench",
	"texture_size": [64, 64],
	"textures": {
		"0": "agape_space:block/sentry_sleep",
		"particle": "agape_space:block/sentry_sleep"
	},
	"elements": [
		{
			"name": "eye",
			"from": [6, 25, 6],
			"to": [10, 26, 7],
			"rotation": {"angle": 0, "axis": "y", "origin": [8, -1, 6]},
			"faces": {
				"north": {"uv": [13.75, 4.75, 14.75, 5], "texture": "#0"},
				"east": {"uv": [13.5, 4.75, 13.75, 5], "texture": "#0"},
				"south": {"uv": [15, 4.75, 16, 5], "texture": "#0"},
				"west": {"uv": [14.75, 4.75, 15, 5], "texture": "#0"},
				"up": {"uv": [14.75, 4.75, 13.75, 4.5], "texture": "#0"},
				"down": {"uv": [15.75, 4.5, 14.75, 4.75], "texture": "#0"}
			}
		},
		{
			"name": "eye2",
			"from": [6, 25, 6],
			"to": [10, 26, 7],
			"rotation": {"angle": 0, "axis": "y", "origin": [8, -1, 6]},
			"faces": {
				"north": {"uv": [13.75, 5.25, 14.75, 5.5], "texture": "#0"},
				"east": {"uv": [13.5, 5.25, 13.75, 5.5], "texture": "#0"},
				"south": {"uv": [15, 5.25, 16, 5.5], "texture": "#0"},
				"west": {"uv": [14.75, 5.25, 15, 5.5], "texture": "#0"},
				"up": {"uv": [14.75, 5.25, 13.75, 5], "texture": "#0"},
				"down": {"uv": [15.75, 5, 14.75, 5.25], "texture": "#0"}
			}
		},
		{
			"name": "body",
			"from": [5, 14, 5],
			"to": [11, 19, 11],
			"rotation": {"angle": 0, "axis": "y", "origin": [8, 0, 7]},
			"faces": {
				"north": {"uv": [1.5, 11, 3, 12.25], "texture": "#0"},
				"east": {"uv": [0, 11, 1.5, 12.25], "texture": "#0"},
				"south": {"uv": [4.5, 11, 6, 12.25], "texture": "#0"},
				"west": {"uv": [3, 11, 4.5, 12.25], "texture": "#0"},
				"up": {"uv": [3, 11, 1.5, 9.5], "texture": "#0"},
				"down": {"uv": [4.5, 9.5, 3, 11], "texture": "#0"}
			}
		},
		{
			"name": "bodyupper",
			"from": [3, 18, 4],
			"to": [13, 23, 12],
			"rotation": {"angle": 0, "axis": "y", "origin": [8, 0, 7]},
			"faces": {
				"north": {"uv": [9, 3.25, 11.5, 4.5], "texture": "#0"},
				"east": {"uv": [7, 3.25, 9, 4.5], "texture": "#0"},
				"south": {"uv": [13.5, 3.25, 16, 4.5], "texture": "#0"},
				"west": {"uv": [11.5, 3.25, 13.5, 4.5], "texture": "#0"},
				"up": {"uv": [11.5, 3.25, 9, 1.25], "texture": "#0"},
				"down": {"uv": [14, 1.25, 11.5, 3.25], "texture": "#0"}
			}
		},
		{
			"name": "hip",
			"from": [6, 11, 6],
			"to": [10, 14, 11],
			"rotation": {"angle": 0, "axis": "y", "origin": [8, 0, 7]},
			"faces": {
				"north": {"uv": [5.75, 9.5, 6.75, 10.25], "texture": "#0"},
				"east": {"uv": [4.5, 9.5, 5.75, 10.25], "texture": "#0"},
				"south": {"uv": [8, 9.5, 9, 10.25], "texture": "#0"},
				"west": {"uv": [6.75, 9.5, 8, 10.25], "texture": "#0"},
				"up": {"uv": [6.75, 9.5, 5.75, 8.25], "texture": "#0"},
				"down": {"uv": [7.75, 8.25, 6.75, 9.5], "texture": "#0"}
			}
		},
		{
			"name": "brace0",
			"from": [7, 9, 6],
			"to": [9, 11, 10],
			"rotation": {"angle": 0, "axis": "y", "origin": [8, 0, 7]},
			"faces": {
				"north": {"uv": [7, 11.25, 7.5, 11.75], "texture": "#0"},
				"east": {"uv": [6, 11.25, 7, 11.75], "texture": "#0"},
				"south": {"uv": [8.5, 11.25, 9, 11.75], "texture": "#0"},
				"west": {"uv": [7.5, 11.25, 8.5, 11.75], "texture": "#0"},
				"up": {"uv": [7.5, 11.25, 7, 10.25], "texture": "#0"},
				"down": {"uv": [8, 10.25, 7.5, 11.25], "texture": "#0"}
			}
		},
		{
			"name": "brace2",
			"from": [5.5, 2.5, 7],
			"to": [10.5, 7.5, 9],
			"rotation": {"angle": 0, "axis": "y", "origin": [8, 0, 6]},
			"faces": {
				"north": {"uv": [6, 13.25, 7.25, 14.5], "texture": "#0"},
				"east": {"uv": [5.5, 13.25, 6, 14.5], "texture": "#0"},
				"south": {"uv": [7.75, 13.25, 9, 14.5], "texture": "#0"},
				"west": {"uv": [7.25, 13.25, 7.75, 14.5], "texture": "#0"},
				"up": {"uv": [7.25, 13.25, 6, 12.75], "texture": "#0"},
				"down": {"uv": [8.5, 12.75, 7.25, 13.25], "texture": "#0"}
			}
		},
		{
			"name": "brace1",
			"from": [7.5, 7, 7],
			"to": [8.5, 9, 9],
			"rotation": {"angle": 0, "axis": "y", "origin": [8, 0, 6]},
			"faces": {
				"north": {"uv": [6.25, 12.25, 6.5, 12.75], "texture": "#0"},
				"east": {"uv": [5.75, 12.25, 6.25, 12.75], "texture": "#0"},
				"south": {"uv": [7, 12.25, 7.25, 12.75], "texture": "#0"},
				"west": {"uv": [6.5, 12.25, 7, 12.75], "texture": "#0"},
				"up": {"uv": [6.5, 12.25, 6.25, 11.75], "texture": "#0"},
				"down": {"uv": [6.75, 11.75, 6.5, 12.25], "texture": "#0"}
			}
		},
		{
			"name": "core",
			"from": [6, 19, 3],
			"to": [10, 22, 4],
			"rotation": {"angle": 0, "axis": "y", "origin": [8, -1, 6]},
			"faces": {
				"north": {"uv": [13.75, 0.25, 14.75, 1], "texture": "#0"},
				"east": {"uv": [13.5, 0.25, 13.75, 1], "texture": "#0"},
				"south": {"uv": [15, 0.25, 16, 1], "texture": "#0"},
				"west": {"uv": [14.75, 0.25, 15, 1], "texture": "#0"},
				"up": {"uv": [14.75, 0.25, 13.75, 0], "texture": "#0"},
				"down": {"uv": [15.75, 0, 14.75, 0.25], "texture": "#0"}
			}
		},
		{
			"name": "head",
			"from": [5, 23, 5],
			"to": [11, 27, 11],
			"rotation": {"angle": 0, "axis": "y", "origin": [8, -1, 6]},
			"faces": {
				"north": {"uv": [1.5, 1.5, 3, 2.5], "texture": "#0"},
				"east": {"uv": [0, 1.5, 1.5, 2.5], "texture": "#0"},
				"south": {"uv": [4.5, 1.5, 6, 2.5], "texture": "#0"},
				"west": {"uv": [3, 1.5, 4.5, 2.5], "texture": "#0"},
				"up": {"uv": [3, 1.5, 1.5, 0], "texture": "#0"},
				"down": {"uv": [4.5, 0, 3, 1.5], "texture": "#0"}
			}
		},
		{
			"name": "treadwheel",
			"from": [6, 0, 4.5],
			"to": [10, 7, 11.5],
			"shade": false,
			"rotation": {"angle": 0, "axis": "y", "origin": [8, 0, 6]},
			"faces": {
				"north": {"uv": [2.75, 7.75, 1.75, 9.5], "texture": "#0"},
				"east": {"uv": [4.5, 7.75, 2.75, 9.5], "texture": "#0"},
				"south": {"uv": [5.5, 7.75, 4.5, 9.5], "texture": "#0"},
				"west": {"uv": [1.75, 7.75, 0, 9.5], "texture": "#0"},
				"up": {"uv": [1.75, 7.75, 2.75, 6], "texture": "#0"},
				"down": {"uv": [2.75, 6, 3.75, 7.75], "texture": "#0"}
			}
		},
		{
			"name": "rightShoulder",
			"from": [12.5, 17, 5],
			"to": [15.5, 22, 9],
			"rotation": {"angle": 0, "axis": "y", "origin": [8, 0, 7]},
			"faces": {
				"north": {"uv": [1, 14.5, 1.75, 15.75], "texture": "#0"},
				"east": {"uv": [0, 14.5, 1, 15.75], "texture": "#0"},
				"south": {"uv": [2.75, 14.5, 3.5, 15.75], "texture": "#0"},
				"west": {"uv": [1.75, 14.5, 2.75, 15.75], "texture": "#0"},
				"up": {"uv": [1.75, 14.5, 1, 13.5], "texture": "#0"},
				"down": {"uv": [2.5, 13.5, 1.75, 14.5], "texture": "#0"}
			}
		},
		{
			"name": "rightArm",
			"from": [13, 10, 6],
			"to": [15, 18, 8],
			"shade": false,
			"rotation": {"angle": 45, "axis": "x", "origin": [8, 17, 7]},
			"faces": {
				"north": {"uv": [4.5, 14, 4, 16], "texture": "#0"},
				"east": {"uv": [5, 14, 4.5, 16], "texture": "#0"},
				"south": {"uv": [5.5, 14, 5, 16], "texture": "#0"},
				"west": {"uv": [4, 14, 3.5, 16], "texture": "#0"},
				"up": {"uv": [4, 14, 4.5, 13.5], "texture": "#0"},
				"down": {"uv": [4.5, 13.5, 5, 14], "texture": "#0"}
			}
		},
		{
			"name": "leftShoulder",
			"from": [0.5, 17, 5],
			"to": [3.5, 22, 9],
			"shade": false,
			"rotation": {"angle": 0, "axis": "y", "origin": [8, 0, 7]},
			"faces": {
				"north": {"uv": [1.75, 14.5, 1, 15.75], "texture": "#0"},
				"east": {"uv": [2.75, 14.5, 1.75, 15.75], "texture": "#0"},
				"south": {"uv": [3.5, 14.5, 2.75, 15.75], "texture": "#0"},
				"west": {"uv": [1, 14.5, 0, 15.75], "texture": "#0"},
				"up": {"uv": [1, 14.5, 1.75, 13.5], "texture": "#0"},
				"down": {"uv": [1.75, 13.5, 2.5, 14.5], "texture": "#0"}
			}
		},
		{
			"name": "leftArm",
			"from": [1, 10, 6],
			"to": [3, 18, 8],
			"shade": false,
			"rotation": {"angle": 45, "axis": "x", "origin": [8, 17, 7]},
			"faces": {
				"north": {"uv": [4.5, 14, 4, 16], "texture": "#0"},
				"east": {"uv": [5, 14, 4.5, 16], "texture": "#0"},
				"south": {"uv": [5.5, 14, 5, 16], "texture": "#0"},
				"west": {"uv": [4, 14, 3.5, 16], "texture": "#0"},
				"up": {"uv": [4, 14, 4.5, 13.5], "texture": "#0"},
				"down": {"uv": [4.5, 13.5, 5, 14], "texture": "#0"}
			}
		}
	],
	"groups": [
		{
			"name": "head",
			"origin": [0, 24, 1],
			"color": 0,
			"children": [0, 1]
		},
		{
			"name": "body",
			"origin": [0, 24, 0],
			"color": 2,
			"children": [
				2,
				3,
				4,
				5,
				6,
				7,
				{
					"name": "headcasing",
					"origin": [0, 23, -1],
					"color": 0,
					"children": [8, 9]
				},
				{
					"name": "tread",
					"origin": [-2, 12, 0],
					"color": 5,
					"shade": false,
					"children": [10]
				},
				{
					"name": "rightArm",
					"origin": [5, 22, 0],
					"color": 6,
					"children": [
						11,
						12,
						{
							"name": "rightItem",
							"origin": [5.5, 12, -4.5],
							"color": 7,
							"children": []
						}
					]
				},
				{
					"name": "leftArm",
					"origin": [-5, 22, 0],
					"color": 0,
					"shade": false,
					"children": [
						13,
						14,
						{
							"name": "leftItem",
							"origin": [-6, 15, 1],
							"color": 1,
							"children": []
						}
					]
				}
			]
		}
	]
}