{
	"credit": "Made with Blockbench",
	"ambientocclusion": false,
	"textures": {
		"0": "agape_space:block/space_crystal",
		"particle": "agape_space:block/space_crystal"
	},
	"elements": [
		{
			"from": [7.75, -0.25, 7.75],
			"to": [10.25, 5.25, 10.25],
			"rotation": {"angle": 0, "axis": "y", "origin": [8, 0.75, 8]},
			"faces": {
				"north": {"uv": [2, 7, 4, 12], "texture": "#0"},
				"east": {"uv": [0, 7, 2, 12], "texture": "#0"},
				"south": {"uv": [6, 7, 8, 12], "texture": "#0"},
				"west": {"uv": [4, 7, 6, 12], "texture": "#0"},
				"up": {"uv": [4, 7, 2, 5], "texture": "#0"},
				"down": {"uv": [6, 5, 4, 7], "texture": "#0"}
			}
		},
		{
			"from": [6.75, 3, 8.5],
			"to": [7.75, 5, 9.5],
			"rotation": {"angle": -45, "axis": "z", "origin": [6.75, -1, 9.5]},
			"faces": {
				"north": {"uv": [2, 10, 3, 12], "texture": "#0"},
				"east": {"uv": [1, 10, 2, 12], "texture": "#0"},
				"south": {"uv": [4, 10, 5, 12], "texture": "#0"},
				"west": {"uv": [3, 10, 4, 12], "texture": "#0"},
				"up": {"uv": [3, 10, 2, 9], "texture": "#0"},
				"down": {"uv": [4, 9, 3, 10], "texture": "#0"}
			}
		}
	]
}