{
	"credit": "Made with Blockbench",
	"ambientocclusion": false,
	"textures": {
		"0": "agape_space:block/space_crystal",
		"particle": "agape_space:block/space_crystal"
	},
	"elements": [
		{
			"from": [7, 0, 7],
			"to": [11, 11, 11],
			"rotation": {"angle": 0, "axis": "y", "origin": [8, 1, 8]},
			"faces": {
				"north": {"uv": [4, 5, 8, 16], "texture": "#0"},
				"east": {"uv": [0, 5, 4, 16], "texture": "#0"},
				"south": {"uv": [12, 5, 16, 16], "texture": "#0"},
				"west": {"uv": [8, 5, 12, 16], "texture": "#0"},
				"up": {"uv": [8, 5, 4, 1], "texture": "#0"},
				"down": {"uv": [12, 1, 8, 5], "texture": "#0"}
			}
		},
		{
			"from": [7.75, 11, 7.75],
			"to": [10.25, 13.5, 10.25],
			"rotation": {"angle": 0, "axis": "y", "origin": [8, 12, 8]},
			"faces": {
				"north": {"uv": [2, 7, 4, 9], "texture": "#0"},
				"east": {"uv": [0, 7, 2, 9], "texture": "#0"},
				"south": {"uv": [6, 7, 8, 9], "texture": "#0"},
				"west": {"uv": [4, 7, 6, 9], "texture": "#0"},
				"up": {"uv": [4, 7, 2, 5], "texture": "#0"},
				"down": {"uv": [6, 5, 4, 7], "texture": "#0"}
			}
		},
		{
			"from": [8.75, 13.5, 8.75],
			"to": [9.25, 16, 9.25],
			"rotation": {"angle": 0, "axis": "y", "origin": [8, 14.5, 8]},
			"faces": {
				"north": {"uv": [0, 5, 0, 7], "texture": "#0"},
				"east": {"uv": [0, 5, 0, 7], "texture": "#0"},
				"south": {"uv": [0, 5, 0, 7], "texture": "#0"},
				"west": {"uv": [0, 5, 0, 7], "texture": "#0"},
				"up": {"uv": [0, 5, 0, 5], "texture": "#0"},
				"down": {"uv": [0, 5, 0, 5], "texture": "#0"}
			}
		},
		{
			"from": [8, 3, 6],
			"to": [10, 9, 8],
			"rotation": {"angle": 45, "axis": "x", "origin": [8, -1, 8]},
			"faces": {
				"north": {"uv": [5, 6, 7, 12], "texture": "#0"},
				"east": {"uv": [3, 6, 5, 12], "texture": "#0"},
				"south": {"uv": [9, 6, 11, 12], "texture": "#0"},
				"west": {"uv": [7, 6, 9, 12], "texture": "#0"},
				"up": {"uv": [7, 6, 5, 4], "texture": "#0"},
				"down": {"uv": [9, 4, 7, 6], "texture": "#0"}
			}
		},
		{
			"from": [8, 4, 9.5],
			"to": [10, 10, 11.5],
			"rotation": {"angle": -45, "axis": "x", "origin": [8, 0, 11.5]},
			"faces": {
				"north": {"uv": [5, 6, 7, 12], "texture": "#0"},
				"east": {"uv": [3, 6, 5, 12], "texture": "#0"},
				"south": {"uv": [9, 6, 11, 12], "texture": "#0"},
				"west": {"uv": [7, 6, 9, 12], "texture": "#0"},
				"up": {"uv": [7, 6, 5, 4], "texture": "#0"},
				"down": {"uv": [9, 4, 7, 6], "texture": "#0"}
			}
		},
		{
			"from": [10, 3, 7.5],
			"to": [12, 9, 9.5],
			"rotation": {"angle": 45, "axis": "z", "origin": [10, -1, 9.5]},
			"faces": {
				"north": {"uv": [5, 6, 7, 12], "texture": "#0"},
				"east": {"uv": [3, 6, 5, 12], "texture": "#0"},
				"south": {"uv": [9, 6, 11, 12], "texture": "#0"},
				"west": {"uv": [7, 6, 9, 12], "texture": "#0"},
				"up": {"uv": [7, 6, 5, 4], "texture": "#0"},
				"down": {"uv": [9, 4, 7, 6], "texture": "#0"}
			}
		},
		{
			"from": [6.75, 4, 7.5],
			"to": [8.75, 10, 9.5],
			"rotation": {"angle": -45, "axis": "z", "origin": [6.75, 0, 9.5]},
			"faces": {
				"north": {"uv": [5, 6, 7, 12], "texture": "#0"},
				"east": {"uv": [3, 6, 5, 12], "texture": "#0"},
				"south": {"uv": [9, 6, 11, 12], "texture": "#0"},
				"west": {"uv": [7, 6, 9, 12], "texture": "#0"},
				"up": {"uv": [7, 6, 5, 4], "texture": "#0"},
				"down": {"uv": [9, 4, 7, 6], "texture": "#0"}
			}
		},
		{
			"from": [7.25, 9, 8.5],
			"to": [8.25, 13, 9.5],
			"rotation": {"angle": -45, "axis": "z", "origin": [7.25, 5, 9.5]},
			"faces": {
				"north": {"uv": [2, 10, 3, 14], "texture": "#0"},
				"east": {"uv": [1, 10, 2, 14], "texture": "#0"},
				"south": {"uv": [4, 10, 5, 14], "texture": "#0"},
				"west": {"uv": [3, 10, 4, 14], "texture": "#0"},
				"up": {"uv": [3, 10, 2, 9], "texture": "#0"},
				"down": {"uv": [4, 9, 3, 10], "texture": "#0"}
			}
		},
		{
			"from": [10.25, 9, 8.5],
			"to": [11.25, 13, 9.5],
			"rotation": {"angle": 45, "axis": "z", "origin": [10.25, 5, 9.5]},
			"faces": {
				"north": {"uv": [10, 8, 11, 12], "texture": "#0"},
				"east": {"uv": [9, 8, 10, 12], "texture": "#0"},
				"south": {"uv": [12, 8, 13, 12], "texture": "#0"},
				"west": {"uv": [11, 8, 12, 12], "texture": "#0"},
				"up": {"uv": [11, 8, 10, 7], "texture": "#0"},
				"down": {"uv": [12, 7, 11, 8], "texture": "#0"}
			}
		},
		{
			"from": [8.25, 9, 7],
			"to": [9.25, 13, 8],
			"rotation": {"angle": 45, "axis": "x", "origin": [8.25, 5, 8]},
			"faces": {
				"north": {"uv": [10, 8, 11, 12], "texture": "#0"},
				"east": {"uv": [9, 8, 10, 12], "texture": "#0"},
				"south": {"uv": [12, 8, 13, 12], "texture": "#0"},
				"west": {"uv": [11, 8, 12, 12], "texture": "#0"},
				"up": {"uv": [11, 8, 10, 7], "texture": "#0"},
				"down": {"uv": [12, 7, 11, 8], "texture": "#0"}
			}
		},
		{
			"from": [8.25, 10, 10],
			"to": [9.25, 14, 11],
			"rotation": {"angle": -45, "axis": "x", "origin": [8.25, 6, 11]},
			"faces": {
				"north": {"uv": [10, 8, 11, 12], "texture": "#0"},
				"east": {"uv": [9, 8, 10, 12], "texture": "#0"},
				"south": {"uv": [12, 8, 13, 12], "texture": "#0"},
				"west": {"uv": [11, 8, 12, 12], "texture": "#0"},
				"up": {"uv": [11, 8, 10, 7], "texture": "#0"},
				"down": {"uv": [12, 7, 11, 8], "texture": "#0"}
			}
		}
	]
}