{
	"credit": "Made with Blockbench",
	"texture_size": [32, 32],
	"textures": {
		"0": "agape_space:block/telescope_station",
		"particle": "agape_space:block/telescope_station"
	},
	"elements": [
		{
			"from": [4, 16, 10],
			"to": [6, 22, 11],
			"rotation": {"angle": 0, "axis": "y", "origin": [-3, 0, 2]},
			"faces": {
				"north": {"uv": [12, 7.5, 13, 10.5], "texture": "#0"},
				"east": {"uv": [12.5, 7.5, 13, 10.5], "texture": "#0"},
				"south": {"uv": [12, 7.5, 13, 10.5], "texture": "#0"},
				"west": {"uv": [12, 7.5, 12.5, 10.5], "texture": "#0"},
				"up": {"uv": [13, 9, 12, 8.5], "texture": "#0"},
				"down": {"uv": [8, 0, 6, 1], "texture": "#0"}
			}
		},
		{
			"from": [3, 15, 8],
			"to": [7, 16, 13],
			"rotation": {"angle": 0, "axis": "y", "origin": [-3, 0, 2]},
			"faces": {
				"north": {"uv": [1, 3.5, 3, 4], "texture": "#0"},
				"east": {"uv": [1, 3.5, 3.5, 4], "texture": "#0"},
				"south": {"uv": [1, 3.5, 3, 4], "texture": "#0"},
				"west": {"uv": [1, 3.5, 3.5, 4], "texture": "#0"},
				"up": {"uv": [1, 1, 3, 3.5], "texture": "#0"}
			}
		},
		{
			"from": [2, 21, 13],
			"to": [8, 27, 20],
			"rotation": {"angle": -22.5, "axis": "x", "origin": [5, 24, 10]},
			"faces": {
				"north": {"uv": [3.5, 6.5, 6.5, 9.5], "texture": "#0"},
				"east": {"uv": [12.5, 13, 16, 16], "texture": "#0"},
				"south": {"uv": [13, 6.5, 16, 9.5], "texture": "#0"},
				"west": {"uv": [12.5, 13, 16, 16], "texture": "#0"},
				"up": {"uv": [13, 9.5, 16, 13], "texture": "#0"},
				"down": {"uv": [13, 9.5, 16, 13], "texture": "#0"}
			}
		},
		{
			"from": [4, 23, 3],
			"to": [6, 25, 6],
			"rotation": {"angle": -22.5, "axis": "x", "origin": [5, 24, 10]},
			"faces": {
				"north": {"uv": [12, 12, 13, 13], "texture": "#0"},
				"east": {"uv": [11.5, 6.5, 13, 7.5], "texture": "#0"},
				"west": {"uv": [11.5, 6.5, 13, 7.5], "texture": "#0"},
				"up": {"uv": [12, 10.5, 13, 12], "texture": "#0"},
				"down": {"uv": [12, 10.5, 13, 12], "texture": "#0"}
			}
		},
		{
			"from": [3, 22, 6],
			"to": [7, 26, 13],
			"rotation": {"angle": -22.5, "axis": "x", "origin": [5, 24, 10]},
			"faces": {
				"north": {"uv": [8, 3.5, 10, 5.5], "texture": "#0"},
				"east": {"uv": [8.5, 7.5, 12, 9.5], "texture": "#0"},
				"west": {"uv": [8.5, 7.5, 12, 9.5], "texture": "#0"},
				"up": {"uv": [8, 0, 10, 3.5], "texture": "#0"},
				"down": {"uv": [8, 0, 10, 3.5], "texture": "#0"}
			}
		},
		{
			"from": [0, 0, 0],
			"to": [16, 2, 16],
			"faces": {
				"north": {"uv": [0, 8, 8, 9], "texture": "#0"},
				"east": {"uv": [0, 8, 8, 9], "texture": "#0"},
				"south": {"uv": [0, 8, 8, 9], "texture": "#0"},
				"west": {"uv": [0, 8, 8, 9], "texture": "#0"},
				"up": {"uv": [0, 0, 8, 8], "texture": "#0"},
				"down": {"uv": [0, 0, 8, 8], "texture": "#0"}
			}
		},
		{
			"from": [2, 2, 2],
			"to": [14, 15, 14],
			"faces": {
				"north": {"uv": [6, 9.5, 12, 16], "texture": "#0"},
				"east": {"uv": [0, 9.5, 6, 16], "texture": "#0"},
				"south": {"uv": [0, 9.5, 6, 16], "texture": "#0"},
				"west": {"uv": [0, 9.5, 6, 16], "texture": "#0"},
				"up": {"uv": [10, 0, 16, 6], "texture": "#0"}
			}
		}
	],
	"groups": [
		0,
		1,
		{
			"name": "group",
			"origin": [0, 0, 0],
			"color": 0,
			"children": [2, 3, 4]
		},
		5,
		6
	]
}