{
	"credit": "Made with Blockbench",
	"textures": {
		"0": "agape_space:block/wall_lamp",
		"particle": "agape_space:block/wall_lamp"
	},
	"elements": [
		{
			"from": [5, 0, 5],
			"to": [11, 1, 11],
			"faces": {
				"north": {"uv": [0, 0, 6, 1], "texture": "#0"},
				"east": {"uv": [0, 0, 6, 1], "texture": "#0"},
				"south": {"uv": [0, 0, 6, 1], "texture": "#0"},
				"west": {"uv": [0, 0, 6, 1], "texture": "#0"},
				"up": {"uv": [6, 6, 0, 0], "texture": "#0"},
				"down": {"uv": [6, 6, 0, 12], "texture": "#0"}
			}
		},
		{
			"from": [4, 0, 4],
			"to": [12, 2, 12],
			"faces": {
				"north": {"uv": [0, 12, 8, 14], "texture": "#0"},
				"east": {"uv": [0, 12, 8, 14], "texture": "#0"},
				"south": {"uv": [0, 12, 8, 14], "texture": "#0"},
				"west": {"uv": [0, 12, 8, 14], "texture": "#0"},
				"up": {"uv": [8, 8, 16, 16], "texture": "#0"},
				"down": {"uv": [8, 0, 16, 8], "texture": "#0"}
			}
		}
	]
}