{
    "variants": {
      "facing=north,engaged=false": { "model": "agape_space:block/power_furnace", "y":180 },
      "facing=north,engaged=true": { "model": "agape_space:block/power_furnace_engaged", "y":180 },
      "facing=east,engaged=false": { "model": "agape_space:block/power_furnace", "y":270 },
      "facing=east,engaged=true": { "model": "agape_space:block/power_furnace_engaged", "y":270 },
      "facing=south,engaged=false": { "model": "agape_space:block/power_furnace", "y":0 },
      "facing=south,engaged=true": { "model": "agape_space:block/power_furnace_engaged", "y":0 },
      "facing=west,engaged=false": { "model": "agape_space:block/power_furnace", "y":90 },
      "facing=west,engaged=true": { "model": "agape_space:block/power_furnace_engaged", "y":90 }
    }
  }