{
  "variants": {
    "face=ceiling,facing=east": {
      "model": "agape_space:block/wall_lamp",
      "y": 270,
      "x": 180
    },
    "face=ceiling,facing=north": {
      "model": "agape_space:block/wall_lamp",
      "y": 180,
      "x": 180
    },
    "face=ceiling,facing=south": {
      "model": "agape_space:block/wall_lamp",
      "x": 180
    },
    "face=ceiling,facing=west": {
      "model": "agape_space:block/wall_lamp",
      "y": 90,
      "x": 180
    },
    "face=floor,facing=east": {
      "model": "agape_space:block/wall_lamp",
      "y": 90
    },
    "face=floor,facing=north": {
      "model": "agape_space:block/wall_lamp"
    },
    "face=floor,facing=south": {
      "model": "agape_space:block/wall_lamp",
      "y": 180
    },
    "face=floor,facing=west": {
      "model": "agape_space:block/wall_lamp",
      "y": 270
    },
    "face=wall,facing=east": {
      "model": "agape_space:block/wall_lamp",
      "y": 90,
      "x": 90
    },
    "face=wall,facing=north": {
      "model": "agape_space:block/wall_lamp",
      "x": 90
    },
    "face=wall,facing=south": {
      "model": "agape_space:block/wall_lamp",
      "y": 180,
      "x": 90
    },
    "face=wall,facing=west": {
      "model": "agape_space:block/wall_lamp",
      "y": 270,
      "x": 90
    }
  }
}