{
	"multipart": [
		{
			"apply": {
				"model": "agape_space:block/connectors/wire_base"
			}
		},
		{
			"when": { "north": "true" },
			"apply": { "model": "agape_space:block/connectors/wire_connector" }
		},
		{
			"when": { "east": "true" },
			"apply": { "model": "agape_space:block/connectors/wire_connector", "y": 90 }
		},
		{
			"when": { "south": "true" },
			"apply": { "model": "agape_space:block/connectors/wire_connector", "y": 180 }
		},
		{
			"when": { "west": "true" },
			"apply": { "model": "agape_space:block/connectors/wire_connector", "y": 270 }
		},
		{
			"when": { "up": "true" },
			"apply": { "model": "agape_space:block/connectors/wire_connector", "x": 270}
		},
		{
			"when": { "down": "true" },
			"apply": { "model": "agape_space:block/connectors/wire_connector", "x": 90 }
		}
	]
}