{
  "mappings": {
    "agap/main/mixin/StarsMixin": {
      "Lnet/minecraft/client/world/ClientWorld;method_23787(F)F": "Lnet/minecraft/class_638;method_23787(F)F"
    },
    "agap/main/mixin/PlayerEnhancementsMixin": {
      "tick": "Lnet/minecraft/class_1657;method_5773()V"
    },
    "agap/main/mixin/GravityItemMixin": {
      "tick": "Lnet/minecraft/class_1542;method_5773()V"
    },
    "agap/main/mixin/RenderAccessor": {
      "MOON_PHASES": "field_4098:Lnet/minecraft/class_2960;",
      "lightSkyBuffer": "field_4087:Lnet/minecraft/class_291;",
      "darkSkyBuffer": "field_4102:Lnet/minecraft/class_291;",
      "starsBuffer": "field_4113:Lnet/minecraft/class_291;",
      "renderDarkSky": "method_3265()V",
      "renderLightSky": "method_3277()V",
      "SUN": "field_4111:Lnet/minecraft/class_2960;",
      "renderStars": "method_3293()V"
    },
    "agap/main/mixin/EnvironmentCheckMixin": {
      "tick": "Lnet/minecraft/class_1309;method_5773()V"
    },
    "agap/main/mixin/BiomeMixin": {
      "Lnet/minecraft/world/biome/Biome;getMusic()Ljava/util/Optional;": "Lnet/minecraft/class_1959;method_27343()Ljava/util/Optional;"
    },
    "agap/main/mixin/FogMixin": {
      "applyFog(Lnet/minecraft/client/render/Camera;Lnet/minecraft/client/render/BackgroundRenderer$FogType;FZF)V": "Lnet/minecraft/class_758;method_3211(Lnet/minecraft/class_4184;Lnet/minecraft/class_758$class_4596;FZF)V"
    },
    "agap/main/mixin/CrosshairMixin": {
      "renderCrosshair": "Lnet/minecraft/class_329;method_1736(Lnet/minecraft/class_4587;)V"
    },
    "agap/main/mixin/SkyRenderMixin": {
      "renderClouds(Lnet/minecraft/client/util/math/MatrixStack;Lnet/minecraft/util/math/Matrix4f;FDDD)V": "Lnet/minecraft/class_761;method_3259(Lnet/minecraft/class_4587;Lnet/minecraft/class_1159;FDDD)V",
      "Lnet/minecraft/client/render/WorldRenderer;renderSky(Lnet/minecraft/client/util/math/MatrixStack;Lnet/minecraft/util/math/Matrix4f;FLnet/minecraft/client/render/Camera;ZLjava/lang/Runnable;)V": "Lnet/minecraft/class_761;method_3257(Lnet/minecraft/class_4587;Lnet/minecraft/class_1159;FLnet/minecraft/class_4184;ZLjava/lang/Runnable;)V",
      "Lnet/minecraft/client/render/WorldRenderer;renderClouds(Lnet/minecraft/client/util/math/MatrixStack;Lnet/minecraft/util/math/Matrix4f;FDDD)V": "Lnet/minecraft/class_761;method_3259(Lnet/minecraft/class_4587;Lnet/minecraft/class_1159;FDDD)V"
    },
    "agap/main/mixin/BobRemoveMixin": {
      "Lnet/minecraft/client/render/GameRenderer;bobView(Lnet/minecraft/client/util/math/MatrixStack;F)V": "Lnet/minecraft/class_757;method_3186(Lnet/minecraft/class_4587;F)V"
    },
    "agap/main/mixin/RainBlockerMixin": {
      "Lnet/minecraft/world/World;getRainGradient(F)F": "Lnet/minecraft/class_1937;method_8430(F)F"
    },
    "agap/main/mixin/VillagerWorkerMixin": {
      "playWorkSound": "Lnet/minecraft/class_1646;method_19183()V"
    },
    "agap/main/mixin/RocketControllerMixin": {
      "tickRiding": "Lnet/minecraft/class_746;method_5842()V"
    },
    "agap/main/mixin/SunsetOverrideMixin": {
      "Lnet/minecraft/client/render/DimensionEffects;getFogColorOverride(FF)[F": "Lnet/minecraft/class_5294;method_28109(FF)[F"
    },
    "agap/main/mixin/GravityMixin": {
      "computeFallDamage(FF)I": "Lnet/minecraft/class_1309;method_23329(FF)I",
      "tick": "Lnet/minecraft/class_1309;method_5773()V"
    }
  },
  "data": {
    "named:intermediary": {
      "agap/main/mixin/StarsMixin": {
        "Lnet/minecraft/client/world/ClientWorld;method_23787(F)F": "Lnet/minecraft/class_638;method_23787(F)F"
      },
      "agap/main/mixin/PlayerEnhancementsMixin": {
        "tick": "Lnet/minecraft/class_1657;method_5773()V"
      },
      "agap/main/mixin/GravityItemMixin": {
        "tick": "Lnet/minecraft/class_1542;method_5773()V"
      },
      "agap/main/mixin/RenderAccessor": {
        "MOON_PHASES": "field_4098:Lnet/minecraft/class_2960;",
        "lightSkyBuffer": "field_4087:Lnet/minecraft/class_291;",
        "darkSkyBuffer": "field_4102:Lnet/minecraft/class_291;",
        "starsBuffer": "field_4113:Lnet/minecraft/class_291;",
        "renderDarkSky": "method_3265()V",
        "renderLightSky": "method_3277()V",
        "SUN": "field_4111:Lnet/minecraft/class_2960;",
        "renderStars": "method_3293()V"
      },
      "agap/main/mixin/EnvironmentCheckMixin": {
        "tick": "Lnet/minecraft/class_1309;method_5773()V"
      },
      "agap/main/mixin/BiomeMixin": {
        "Lnet/minecraft/world/biome/Biome;getMusic()Ljava/util/Optional;": "Lnet/minecraft/class_1959;method_27343()Ljava/util/Optional;"
      },
      "agap/main/mixin/FogMixin": {
        "applyFog(Lnet/minecraft/client/render/Camera;Lnet/minecraft/client/render/BackgroundRenderer$FogType;FZF)V": "Lnet/minecraft/class_758;method_3211(Lnet/minecraft/class_4184;Lnet/minecraft/class_758$class_4596;FZF)V"
      },
      "agap/main/mixin/CrosshairMixin": {
        "renderCrosshair": "Lnet/minecraft/class_329;method_1736(Lnet/minecraft/class_4587;)V"
      },
      "agap/main/mixin/SkyRenderMixin": {
        "renderClouds(Lnet/minecraft/client/util/math/MatrixStack;Lnet/minecraft/util/math/Matrix4f;FDDD)V": "Lnet/minecraft/class_761;method_3259(Lnet/minecraft/class_4587;Lnet/minecraft/class_1159;FDDD)V",
        "Lnet/minecraft/client/render/WorldRenderer;renderSky(Lnet/minecraft/client/util/math/MatrixStack;Lnet/minecraft/util/math/Matrix4f;FLnet/minecraft/client/render/Camera;ZLjava/lang/Runnable;)V": "Lnet/minecraft/class_761;method_3257(Lnet/minecraft/class_4587;Lnet/minecraft/class_1159;FLnet/minecraft/class_4184;ZLjava/lang/Runnable;)V",
        "Lnet/minecraft/client/render/WorldRenderer;renderClouds(Lnet/minecraft/client/util/math/MatrixStack;Lnet/minecraft/util/math/Matrix4f;FDDD)V": "Lnet/minecraft/class_761;method_3259(Lnet/minecraft/class_4587;Lnet/minecraft/class_1159;FDDD)V"
      },
      "agap/main/mixin/BobRemoveMixin": {
        "Lnet/minecraft/client/render/GameRenderer;bobView(Lnet/minecraft/client/util/math/MatrixStack;F)V": "Lnet/minecraft/class_757;method_3186(Lnet/minecraft/class_4587;F)V"
      },
      "agap/main/mixin/RainBlockerMixin": {
        "Lnet/minecraft/world/World;getRainGradient(F)F": "Lnet/minecraft/class_1937;method_8430(F)F"
      },
      "agap/main/mixin/VillagerWorkerMixin": {
        "playWorkSound": "Lnet/minecraft/class_1646;method_19183()V"
      },
      "agap/main/mixin/RocketControllerMixin": {
        "tickRiding": "Lnet/minecraft/class_746;method_5842()V"
      },
      "agap/main/mixin/SunsetOverrideMixin": {
        "Lnet/minecraft/client/render/DimensionEffects;getFogColorOverride(FF)[F": "Lnet/minecraft/class_5294;method_28109(FF)[F"
      },
      "agap/main/mixin/GravityMixin": {
        "computeFallDamage(FF)I": "Lnet/minecraft/class_1309;method_23329(FF)I",
        "tick": "Lnet/minecraft/class_1309;method_5773()V"
      }
    }
  }
}