{
  "schemaVersion": 1,
  "id": "agape_space",
  "version": "0.5.22",

  "name": "Space Dimensions",
  "description": "Space Dimensions",
  "authors": [
    "Agape"
  ],
  "contact": {

  },

  "license": "CC0-1.0",
  "icon": "assets/modid/icon.png",

  "environment": "*",
  "entrypoints": {
    "main": [
      "agap.main.AgapeMod"
    ],
	    "client": [ "agap.main.AgapeModClient" ]
  },
  "mixins": [
    "space_dimensions.mixins.json"
  ],

  "depends": {
    "fabricloader": ">=0.14.9",
    "fabric": "*",
    "minecraft": "~1.19",
    "java": ">=17"
  },
  "suggests": {
    "another-mod": "*"
  }
}
