{
  "required": true,
  "minVersion": "0.8",
  "package": "agap.main.mixin",
  "compatibilityLevel": "JAVA_17",
  "mixins": [
    "GravityMixin",
    "GravityItemMixin",
    "EnvironmentCheckMixin",
    "SpawnRestrictorMixin",
    "PlayerEnhancementsMixin",
    "VillagerWorkerMixin",
    "BiomeMixin"
  ],
  "client": [
    "RenderAccessor",
    "SkyRenderMixin",
    "RocketControllerMixin",
    "FogMixin",
    "BobRemoveMixin",
    "StarsMixin",
    "SunsetOverrideMixin",
    "RainBlockerMixin",
    "CrosshairMixin"
  ],
  "injectors": {
    "defaultRequire": 1
  },
  "refmap": "agape_space_19_2-refmap.json"
}