{
    "launch": {
      "sounds": [
        "agape_space:launch"
      ]
    }
    ,"hover": { "sounds": [ "agape_space:hover" ] }
    ,"robocat": { "sounds": [ "agape_space:robocat" ] }
    ,"starship_engine": { "sounds": [ "agape_space:starship_engine" ] }
    ,"beam": { "sounds": [ "agape_space:beam" ] }
    ,"zap": { "sounds": [ "agape_space:zap" ] }
    ,"voom": { "sounds": [ "agape_space:voom" ] }
    ,"low_voom": { "sounds": [ "agape_space:low_voom" ] }
    ,"servo": { "sounds": [ "agape_space:servo" ] }
    ,"activate": { "sounds": [ "agape_space:activate" ] }
	,"rifle_pew": { "sounds": [ "agape_space:rifle_pew" ] }
    ,"electric_nope": { "sounds": [ "agape_space:electric_nope" ] }
    ,"space_music_1": 
    { "category": "music",
      "sounds": [
       { "name": "agape_space:calm_cosmos" ,
         "stream": true,
         "volume": 0.25
       },
       { "name": "agape_space:mystery" ,
        "stream": true,
        "volume": 0.25
      }
      ] 
    }
    ,"space_music_2": 
    { "category": "music",
      "sounds": [
       { "name": "agape_space:calm_ocean" ,
         "stream": true,
         "volume": 0.2
       }
      ] 
    }

    ,"eagle_landing": { "sounds": [ "agape_space:eagle_landing" ] }
  }