{
	"credit": "Made with Blockbench",
	"textures": {
		"0": "agape_space:item/laser_rifle",
		"particle": "agape_space:item/laser_rifle"
	},
	"elements": [
		{
			"from": [2, 0, 8],
			"to": [5, 11, 11],
			"rotation": {"angle": 0, "axis": "y", "origin": [11, 8, 16]},
			"faces": {
				"north": {"uv": [14, 9, 16, 16], "texture": "#0"},
				"east": {"uv": [14, 9, 16, 16], "texture": "#0"},
				"south": {"uv": [14, 9, 16, 16], "texture": "#0"},
				"west": {"uv": [14, 9, 16, 16], "texture": "#0"},
				"up": {"uv": [5, 6, 8, 9], "texture": "#0"},
				"down": {"uv": [0, 11.5, 1, 12.5], "texture": "#0"}
			}
		},
		{
			"from": [-5, 6, 8],
			"to": [2, 11, 11],
			"rotation": {"angle": 0, "axis": "y", "origin": [11, 8, 16]},
			"faces": {
				"north": {"uv": [0, 4, 7, 7], "texture": "#0"},
				"east": {"uv": [11, 7, 14, 16], "texture": "#0"},
				"south": {"uv": [0, 4, 7, 7], "texture": "#0"},
				"west": {"uv": [1.5, 4, 2.5, 7], "texture": "#0"},
				"up": {"uv": [0, 4, 7, 7], "texture": "#0"},
				"down": {"uv": [0, 4, 7, 7], "texture": "#0"}
			}
		},
		{
			"from": [2, 11, 8],
			"to": [12, 12, 11],
			"rotation": {"angle": 0, "axis": "y", "origin": [11, 8, 16]},
			"faces": {
				"north": {"uv": [6, 6.5, 16, 8], "texture": "#0"},
				"east": {"uv": [13, 2, 16, 3.5], "texture": "#0"},
				"south": {"uv": [6, 6.5, 16, 8], "texture": "#0"},
				"west": {"uv": [13, 2, 16, 3.5], "texture": "#0"},
				"up": {"uv": [6, 3.5, 16, 6.5], "texture": "#0"},
				"down": {"uv": [0, 0, 3, 3], "texture": "#0"}
			}
		},
		{
			"from": [5, 6, 7],
			"to": [11, 11, 12],
			"rotation": {"angle": 0, "axis": "y", "origin": [13, 15, 16]},
			"faces": {
				"north": {"uv": [0, 11, 6, 16], "texture": "#0"},
				"east": {"uv": [0, 7, 3, 10], "texture": "#0"},
				"south": {"uv": [0, 11, 6, 16], "texture": "#0"},
				"west": {"uv": [0.5, 11, 5.5, 16], "texture": "#0"},
				"up": {"uv": [6, 8, 12, 13], "texture": "#0"},
				"down": {"uv": [6, 8, 12, 13], "texture": "#0"}
			}
		},
		{
			"from": [11, 6, 7],
			"to": [17, 11, 12],
			"rotation": {"angle": 0, "axis": "y", "origin": [13, 15, 16]},
			"faces": {
				"north": {"uv": [0, 11, 6, 16], "texture": "#0"},
				"east": {"uv": [0.5, 11, 5.5, 16], "texture": "#0"},
				"south": {"uv": [0, 11, 6, 16], "texture": "#0"},
				"west": {"uv": [0, 0, 3, 3], "texture": "#0"},
				"up": {"uv": [6, 8, 12, 13], "texture": "#0"},
				"down": {"uv": [6, 8, 12, 13], "texture": "#0"}
			}
		},
		{
			"from": [17, 7, 8],
			"to": [24, 11, 11],
			"rotation": {"angle": 0, "axis": "y", "origin": [13, 15, 16]},
			"faces": {
				"north": {"uv": [0, 0, 7, 4], "texture": "#0"},
				"east": {"uv": [0, 7, 3, 10], "texture": "#0"},
				"south": {"uv": [0, 0, 7, 4], "texture": "#0"},
				"west": {"uv": [0, 0, 3, 3], "texture": "#0"},
				"up": {"uv": [6, 13, 13, 16], "texture": "#0"},
				"down": {"uv": [6, 13, 13, 16], "texture": "#0"}
			}
		},
		{
			"from": [24, 7, 8],
			"to": [31, 11, 11],
			"rotation": {"angle": 0, "axis": "y", "origin": [13, 15, 16]},
			"faces": {
				"north": {"uv": [0, 0, 7, 4], "texture": "#0"},
				"east": {"uv": [0, 7, 3, 11], "texture": "#0"},
				"south": {"uv": [0, 0, 7, 4], "texture": "#0"},
				"west": {"uv": [0, 0, 3, 3], "texture": "#0"},
				"up": {"uv": [6, 13, 13, 16], "texture": "#0"},
				"down": {"uv": [6, 13, 13, 16], "texture": "#0"}
			}
		},
		{
			"from": [7, 4, 9],
			"to": [8, 6, 10],
			"rotation": {"angle": 0, "axis": "y", "origin": [15, 13, 17]},
			"faces": {
				"north": {"uv": [6, 6, 6.5, 7], "texture": "#0"},
				"east": {"uv": [8, 9.5, 9, 11.5], "texture": "#0"},
				"south": {"uv": [8, 9.5, 9, 11.5], "texture": "#0"},
				"west": {"uv": [0, 0, 1, 2], "texture": "#0"},
				"up": {"uv": [0, 0, 1, 1], "texture": "#0"},
				"down": {"uv": [0, 0, 1, 1], "texture": "#0"}
			}
		},
		{
			"from": [5, 3, 9],
			"to": [7, 4, 10],
			"rotation": {"angle": 0, "axis": "y", "origin": [13, 11, 17]},
			"faces": {
				"north": {"uv": [0, 0, 2, 1], "texture": "#0"},
				"east": {"uv": [0, 0, 1, 1], "texture": "#0"},
				"south": {"uv": [0, 0, 2, 1], "texture": "#0"},
				"west": {"uv": [0, 0, 1, 1], "texture": "#0"},
				"up": {"uv": [0, 0, 2, 1], "texture": "#0"},
				"down": {"uv": [0, 0, 2, 1], "texture": "#0"}
			}
		}
	],
	"display": {
		"thirdperson_righthand": {
			"rotation": [-5, 91.25, 3.75],
			"translation": [-1.5, 0.75, -1.5],
			"scale": [0.75, 0.75, 0.75]
		},
		"firstperson_righthand": {
			"rotation": [5, 98, 6],
			"translation": [-2.75, -1.75, -0.25],
			"scale": [0.73, 0.76, 0.77]
		},
		"ground": {
			"scale": [0.65, 0.64, 0.65]
		},
		"gui": {
			"rotation": [1, 1, 43],
			"translation": [-1, -1.75, 0],
			"scale": [0.51, 0.6, 0.82]
		},
		"fixed": {
			"rotation": [0, 0, 41],
			"translation": [-1.75, -1.25, -1.25],
			"scale": [0.64, 0.68, 0.64]
		}
	}
}