{
	"credit": "Made with Blockbench",
	"textures": {
		"0": "agape_space:item/laser_pistol",
		"particle": "agape_space:item/laser_pistol"
	},
	"elements": [
		{
			"from": [2, 0, 8],
			"to": [5, 9, 11],
			"rotation": {"angle": 0, "axis": "y", "origin": [11, 8, 16]},
			"faces": {
				"north": {"uv": [8, 0, 11, 9], "texture": "#0"},
				"east": {"uv": [11, 7, 14, 16], "texture": "#0"},
				"south": {"uv": [8, 0, 11, 9], "texture": "#0"},
				"west": {"uv": [11, 0, 14, 9], "texture": "#0"},
				"up": {"uv": [5, 6, 8, 9], "texture": "#0"},
				"down": {"uv": [0, 0, 3, 3], "texture": "#0"}
			}
		},
		{
			"from": [5, 6, 8],
			"to": [13, 9, 11],
			"rotation": {"angle": 0, "axis": "y", "origin": [13, 15, 16]},
			"faces": {
				"north": {"uv": [0, 0, 8, 3], "texture": "#0"},
				"east": {"uv": [0, 7, 3, 10], "texture": "#0"},
				"south": {"uv": [0, 0, 8, 3], "texture": "#0"},
				"west": {"uv": [0, 0, 3, 3], "texture": "#0"},
				"up": {"uv": [0, 3, 8, 6], "texture": "#0"},
				"down": {"uv": [0, 3, 8, 6], "texture": "#0"}
			}
		},
		{
			"from": [13, 7, 9],
			"to": [14, 8, 10],
			"rotation": {"angle": 0, "axis": "y", "origin": [21, 15, 17]},
			"faces": {
				"north": {"uv": [15, 15, 16, 16], "texture": "#0"},
				"east": {"uv": [15, 15, 16, 16], "texture": "#0"},
				"south": {"uv": [15, 15, 16, 16], "texture": "#0"},
				"west": {"uv": [0, 0, 1, 1], "texture": "#0"},
				"up": {"uv": [15, 15, 16, 16], "texture": "#0"},
				"down": {"uv": [15, 15, 16, 16], "texture": "#0"}
			}
		},
		{
			"from": [9, 9, 9],
			"to": [10, 10, 10],
			"rotation": {"angle": 0, "axis": "y", "origin": [17, 17, 17]},
			"faces": {
				"north": {"uv": [0, 0, 1, 1], "texture": "#0"},
				"east": {"uv": [0, 0, 1, 1], "texture": "#0"},
				"south": {"uv": [0, 0, 1, 1], "texture": "#0"},
				"west": {"uv": [0, 0, 1, 1], "texture": "#0"},
				"up": {"uv": [6, 0, 7, 1], "texture": "#0"},
				"down": {"uv": [0, 0, 1, 1], "texture": "#0"}
			}
		},
		{
			"from": [7, 4, 9],
			"to": [8, 6, 10],
			"rotation": {"angle": 0, "axis": "y", "origin": [15, 13, 17]},
			"faces": {
				"north": {"uv": [0, 0, 1, 2], "texture": "#0"},
				"east": {"uv": [0, 0, 1, 2], "texture": "#0"},
				"south": {"uv": [0, 0, 1, 2], "texture": "#0"},
				"west": {"uv": [0, 0, 1, 2], "texture": "#0"},
				"up": {"uv": [0, 0, 1, 1], "texture": "#0"},
				"down": {"uv": [0, 0, 1, 1], "texture": "#0"}
			}
		},
		{
			"from": [5, 3, 9],
			"to": [7, 4, 10],
			"rotation": {"angle": 0, "axis": "y", "origin": [13, 11, 17]},
			"faces": {
				"north": {"uv": [0, 0, 2, 1], "texture": "#0"},
				"east": {"uv": [0, 0, 1, 1], "texture": "#0"},
				"south": {"uv": [0, 0, 2, 1], "texture": "#0"},
				"west": {"uv": [0, 0, 1, 1], "texture": "#0"},
				"up": {"uv": [0, 0, 2, 1], "texture": "#0"},
				"down": {"uv": [0, 0, 2, 1], "texture": "#0"}
			}
		}
	],
	"display": {
		"thirdperson_righthand": {
			"rotation": [-4, 85, 3.75],
			"translation": [-1.5, 2, -1.5],
			"scale": [0.84, 0.85, 0.85]
		},
		"firstperson_righthand": {
			"rotation": [16, 114, -15],
			"translation": [-4.5, -0.75, 0],
			"scale": [0.82, 0.82, 0.84]
		},
		"gui": {
			"translation": [0.5, 3.25, 0]
		},
		"fixed": {
			"translation": [1.75, 2.75, -1.75]
		}
	}
}