{
	"format_version": "1.8.0",
	"animations": {
		"animation.miner_drill.spin": {
			"animation_length": 5.2,
			"bones": {
				"spinner": {
					"rotation": {
						"0.0": {
							"vector": [0, 0, 0]
						},
						"0.52": {
							"vector": [0, 135, 0],
							"easing": "easeInSine"
						},
						"1.04": {
							"vector": [0, 225, 0]
						},
						"1.56": {
							"vector": [0, 315, 0]
						},
						"2.08": {
							"vector": [0, 405, 0]
						},
						"2.6": {
							"vector": [0, 495, 0]
						},
						"3.12": {
							"vector": [0, 585, 0]
						},
						"3.64": {
							"vector": [0, 675, 0]
						},
						"5.2": {
							"vector": [0, 0, 0]
						}
					},
					"position": {
						"0.0": {
							"vector": [0, 0, 0]
						},
						"0.52": {
							"vector": [0, 0, 0]
						},
						"1.04": {
							"vector": [0, -1, 0]
						},
						"1.56": {
							"vector": [0, -1.5, 0]
						},
						"2.08": {
							"vector": [0, -2, 0]
						},
						"2.6": {
							"vector": [0, -2, 0]
						},
						"3.64": {
							"vector": [0, -2, 0]
						},
						"5.2": {
							"vector": [0, 0, 0]
						}
					}
				}
			}
		}
	}
}