{
	"format_version": "1.12.0",
	"minecraft:geometry": [
		{
			"description": {
				"identifier": "geometry.fan",
				"texture_width": 32,
				"texture_height": 32,
				"visible_bounds_width": 2,
				"visible_bounds_height": 2.5,
				"visible_bounds_offset": [0, 0.75, 0]
			},
			"bones": [
				{
					"name": "body",
					"pivot": [0, 0, 0],
					"cubes": [
						{
							"origin": [-8, 0, -8],
							"size": [16, 1, 16],
							"uv": {
								"north": {"uv": [0, 17], "uv_size": [16, 1]},
								"east": {"uv": [0, 16], "uv_size": [16, 1]},
								"south": {"uv": [0, 17], "uv_size": [16, 1]},
								"west": {"uv": [0, 16], "uv_size": [16, 1]},
								"up": {"uv": [0, 26], "uv_size": [16, 4]},
								"down": {"uv": [0, 16], "uv_size": [16, -16]}
							}
						},
						{
							"origin": [-8, 15, -8],
							"size": [16, 1, 16],
							"uv": {
								"north": {"uv": [0, 17], "uv_size": [16, 1]},
								"east": {"uv": [0, 16], "uv_size": [16, 1]},
								"south": {"uv": [0, 17], "uv_size": [5, 1]},
								"west": {"uv": [16, 16], "uv_size": [-16, 1]},
								"up": {"uv": [0, 0], "uv_size": [16, 16]},
								"down": {"uv": [0, 30], "uv_size": [16, -5]}
							}
						},
						{
							"origin": [7, 1, -8],
							"size": [1, 14, 16],
							"uv": {
								"north": {"uv": [16, 16], "uv_size": [1, 14]},
								"east": {"uv": [0, 25], "uv_size": [16, 5]},
								"south": {"uv": [16, 0], "uv_size": [1, 14]},
								"west": {"uv": [0, 1], "uv_size": [16, 14]},
								"up": {"uv": [16, 0], "uv_size": [1, 16]},
								"down": {"uv": [17, 16], "uv_size": [1, -16]}
							}
						},
						{
							"origin": [-8, 1, -8],
							"size": [1, 14, 16],
							"uv": {
								"north": {"uv": [16, 16], "uv_size": [1, 14]},
								"east": {"uv": [0, 1], "uv_size": [16, 14]},
								"south": {"uv": [16, 0], "uv_size": [1, 14]},
								"west": {"uv": [0, 25], "uv_size": [16, 5]},
								"up": {"uv": [16, 0], "uv_size": [1, 16]},
								"down": {"uv": [17, 16], "uv_size": [1, -16]}
							}
						},
						{
							"origin": [-1, 9, -1],
							"size": [2, 6, 2],
							"uv": {
								"north": {"uv": [30, 26], "uv_size": [2, 6]},
								"east": {"uv": [30, 26], "uv_size": [2, 6]},
								"south": {"uv": [30, 26], "uv_size": [2, 6]},
								"west": {"uv": [30, 26], "uv_size": [2, 6]},
								"up": {"uv": [2, 0], "uv_size": [2, 2]},
								"down": {"uv": [4, 2], "uv_size": [2, -2]}
							}
						},
						{
							"origin": [0, 8, -1],
							"size": [2, 6, 2],
							"pivot": [1, 8, 0],
							"rotation": [0, 0, 90],
							"uv": {
								"north": {"uv": [30, 26], "uv_size": [2, 6]},
								"east": {"uv": [30, 26], "uv_size": [2, 6]},
								"south": {"uv": [30, 26], "uv_size": [2, 6]},
								"west": {"uv": [30, 26], "uv_size": [2, 6]},
								"up": {"uv": [2, 0], "uv_size": [2, 2]},
								"down": {"uv": [4, 2], "uv_size": [2, -2]}
							}
						},
						{
							"origin": [-8, 8, -1],
							"size": [2, 6, 2],
							"pivot": [-7, 8, 0],
							"rotation": [0, 0, 90],
							"uv": {
								"north": {"uv": [30, 26], "uv_size": [2, 6]},
								"east": {"uv": [30, 26], "uv_size": [2, 6]},
								"south": {"uv": [30, 26], "uv_size": [2, 6]},
								"west": {"uv": [30, 26], "uv_size": [2, 6]},
								"up": {"uv": [2, 0], "uv_size": [2, 2]},
								"down": {"uv": [4, 2], "uv_size": [2, -2]}
							}
						},
						{
							"origin": [-1, 1, -1],
							"size": [2, 6, 2],
							"uv": {
								"north": {"uv": [30, 26], "uv_size": [2, 6]},
								"east": {"uv": [30, 26], "uv_size": [2, 6]},
								"south": {"uv": [30, 26], "uv_size": [2, 6]},
								"west": {"uv": [30, 26], "uv_size": [2, 6]},
								"up": {"uv": [2, 0], "uv_size": [2, 2]},
								"down": {"uv": [4, 2], "uv_size": [2, -2]}
							}
						}
					]
				},
				{
					"name": "spinner",
					"pivot": [0, 8, 0],
					"cubes": [
						{
							"origin": [-1, 7, -7],
							"size": [2, 2, 14],
							"uv": {
								"north": {"uv": [28, 30], "uv_size": [2, 2]},
								"east": {"uv": [16, 30], "uv_size": [14, 2]},
								"south": {"uv": [28, 30], "uv_size": [2, 2]},
								"west": {"uv": [14, 30], "uv_size": [14, 2]},
								"up": {"uv": [30, 12], "uv_size": [2, 14]},
								"down": {"uv": [30, 26], "uv_size": [2, -14]}
							}
						},
						{
							"origin": [-5.1, 9.1, -6],
							"size": [6, 2, 0.5],
							"pivot": [-1.6, 11.6, -5.5],
							"rotation": [10, 0, 45],
							"uv": {
								"north": {"uv": [26, 0], "uv_size": [6, 2]},
								"east": {"uv": [30, 2], "uv_size": [0, 2]},
								"south": {"uv": [26, 2], "uv_size": [6, 2]},
								"west": {"uv": [29, 2], "uv_size": [0, 2]},
								"up": {"uv": [26, 3], "uv_size": [6, 0]},
								"down": {"uv": [26, 3], "uv_size": [6, 0]}
							}
						},
						{
							"origin": [-5.1, 9.1, 5],
							"size": [6, 2, 0.5],
							"pivot": [-1.6, 11.6, 5.5],
							"rotation": [10, 0, 45],
							"uv": {
								"north": {"uv": [26, 2], "uv_size": [6, 2]},
								"east": {"uv": [31, 2], "uv_size": [0, 2]},
								"south": {"uv": [26, 0], "uv_size": [6, 2]},
								"west": {"uv": [30, 2], "uv_size": [0, 2]},
								"up": {"uv": [26, 3], "uv_size": [6, 0]},
								"down": {"uv": [26, 3], "uv_size": [6, 0]}
							}
						},
						{
							"origin": [0.25, 7, -6],
							"size": [6, 2, 0.5],
							"pivot": [3.75, 9.5, -5.5],
							"rotation": [10, 0, 135],
							"uv": {
								"north": {"uv": [26, 0], "uv_size": [6, 2]},
								"east": {"uv": [29, 2], "uv_size": [0, 2]},
								"south": {"uv": [26, 2], "uv_size": [6, 2]},
								"west": {"uv": [29, 2], "uv_size": [0, 2]},
								"up": {"uv": [26, 3], "uv_size": [6, 0]},
								"down": {"uv": [26, 3], "uv_size": [6, 0]}
							}
						},
						{
							"origin": [0.25, 7, 5],
							"size": [6, 2, 0.5],
							"pivot": [3.75, 9.5, 5.5],
							"rotation": [10, 0, 135],
							"uv": {
								"north": {"uv": [26, 2], "uv_size": [6, 2]},
								"east": {"uv": [30, 2], "uv_size": [0, 2]},
								"south": {"uv": [26, 0], "uv_size": [6, 2]},
								"west": {"uv": [29, 2], "uv_size": [0, 2]},
								"up": {"uv": [26, 3], "uv_size": [6, 0]},
								"down": {"uv": [26, 3], "uv_size": [6, 0]}
							}
						},
						{
							"origin": [-7.25, 3.95, -6],
							"size": [6, 2, 0.5],
							"pivot": [-3.75, 6.45, -5.5],
							"rotation": [10, 0, -45],
							"uv": {
								"north": {"uv": [26, 0], "uv_size": [6, 2]},
								"east": {"uv": [29, 2], "uv_size": [0, 2]},
								"south": {"uv": [26, 2], "uv_size": [6, 2]},
								"west": {"uv": [29, 2], "uv_size": [0, 2]},
								"up": {"uv": [26, 3], "uv_size": [6, 0]},
								"down": {"uv": [26, 3], "uv_size": [6, 0]}
							}
						},
						{
							"origin": [-7.25, 3.95, 5],
							"size": [6, 2, 0.5],
							"pivot": [-3.75, 6.45, 5.5],
							"rotation": [10, 0, -45],
							"uv": {
								"north": {"uv": [26, 2], "uv_size": [6, 2]},
								"east": {"uv": [30, 2], "uv_size": [0, 2]},
								"south": {"uv": [26, 0], "uv_size": [6, 2]},
								"west": {"uv": [30, 2], "uv_size": [0, 2]},
								"up": {"uv": [26, 3], "uv_size": [6, 0]},
								"down": {"uv": [26, 3], "uv_size": [6, 0]}
							}
						},
						{
							"origin": [0.8, 3.1, -6],
							"size": [6, 2, 0.5],
							"pivot": [4.3, 5.6, -5.5],
							"rotation": [-10, 0, 45],
							"uv": {
								"north": {"uv": [26, 0], "uv_size": [6, 2]},
								"east": {"uv": [30, 2], "uv_size": [0, 2]},
								"south": {"uv": [26, 2], "uv_size": [6, 2]},
								"west": {"uv": [29, 2], "uv_size": [0, 2]},
								"up": {"uv": [26, 3], "uv_size": [6, 0]},
								"down": {"uv": [26, 3], "uv_size": [6, 0]}
							}
						},
						{
							"origin": [0.8, 3.1, 5],
							"size": [6, 2, 0.5],
							"pivot": [4.3, 5.6, 5.5],
							"rotation": [-10, 0, 45],
							"uv": {
								"north": {"uv": [26, 2], "uv_size": [6, 2]},
								"east": {"uv": [29, 2], "uv_size": [0, 2]},
								"south": {"uv": [26, 0], "uv_size": [6, 2]},
								"west": {"uv": [29, 2], "uv_size": [0, 2]},
								"up": {"uv": [26, 3], "uv_size": [6, 0]},
								"down": {"uv": [26, 3], "uv_size": [6, 0]}
							}
						}
					]
				}
			]
		}
	]
}