{
	"format_version": "1.12.0",
	"minecraft:geometry": [
		{
			"description": {
				"identifier": "geometry.manual_crank",
				"texture_width": 16,
				"texture_height": 16,
				"visible_bounds_width": 2,
				"visible_bounds_height": 2.5,
				"visible_bounds_offset": [0, 0.75, 0]
			},
			"bones": [
				{
					"name": "body",
					"pivot": [-8, 8, 8],
					"cubes": [
						{
							"origin": [-3, 0, -3],
							"size": [6, 2, 6],
							"uv": {
								"north": {"uv": [2, 2], "uv_size": [6, 2]},
								"east": {"uv": [2, 2], "uv_size": [6, 2]},
								"south": {"uv": [2, 2], "uv_size": [6, 2]},
								"west": {"uv": [2, 2], "uv_size": [6, 2]},
								"up": {"uv": [8, 16], "uv_size": [-6, -6]},
								"down": {"uv": [8, 16], "uv_size": [-6, -6]}
							}
						}
					]
				},
				{
					"name": "rotator",
					"pivot": [0, 0, 0],
					"cubes": [
						{
							"origin": [-2, 5, -2],
							"size": [4, 4, 4],
							"uv": {
								"north": {"uv": [12, 12], "uv_size": [4, 4]},
								"east": {"uv": [12, 12], "uv_size": [4, 4]},
								"south": {"uv": [12, 12], "uv_size": [4, 4]},
								"west": {"uv": [12, 12], "uv_size": [4, 4]},
								"up": {"uv": [16, 16], "uv_size": [-4, -4]},
								"down": {"uv": [16, 16], "uv_size": [-4, -4]}
							}
						},
						{
							"origin": [-1, 2, -1],
							"size": [2, 3, 2],
							"uv": {
								"north": {"uv": [10, 13], "uv_size": [2, 3]},
								"east": {"uv": [10, 13], "uv_size": [2, 3]},
								"south": {"uv": [10, 13], "uv_size": [2, 3]},
								"west": {"uv": [10, 13], "uv_size": [2, 3]},
								"up": {"uv": [2, 2], "uv_size": [-2, -2]},
								"down": {"uv": [2, 2], "uv_size": [-2, -2]}
							}
						},
						{
							"origin": [-1, 6, -7],
							"size": [2, 2, 14],
							"uv": {
								"north": {"uv": [14, 0], "uv_size": [2, 2]},
								"east": {"uv": [0, 0], "uv_size": [14, 2]},
								"south": {"uv": [14, 0], "uv_size": [2, 2]},
								"west": {"uv": [0, 0], "uv_size": [14, 2]},
								"up": {"uv": [2, 16], "uv_size": [-2, -14]},
								"down": {"uv": [2, 16], "uv_size": [-2, -14]}
							}
						}
					]
				}
			]
		}
	]
}