{
	"format_version": "1.12.0",
	"minecraft:geometry": [
		{
			"description": {
				"identifier": "geometry.miner_drill",
				"texture_width": 16,
				"texture_height": 16,
				"visible_bounds_width": 2,
				"visible_bounds_height": 2.5,
				"visible_bounds_offset": [0, 0.75, 0]
			},
			"bones": [
				{
					"name": "spinner",
					"pivot": [0, 6.75, 0],
					"cubes": [
						{
							"origin": [-1, 0, -1],
							"size": [2, 2, 2],
							"uv": {
								"north": {"uv": [0, 0], "uv_size": [2, 2]},
								"east": {"uv": [0, 0], "uv_size": [2, 2]},
								"south": {"uv": [0, 0], "uv_size": [2, 2]},
								"west": {"uv": [0, 0], "uv_size": [2, 2]},
								"up": {"uv": [2, 2], "uv_size": [-2, -2]},
								"down": {"uv": [2, 16], "uv_size": [-2, -2]}
							}
						},
						{
							"origin": [-1, 12, -1],
							"size": [2, 3, 2],
							"uv": {
								"north": {"uv": [14, 0], "uv_size": [2, 3]},
								"east": {"uv": [14, 0], "uv_size": [2, 3]},
								"south": {"uv": [14, 0], "uv_size": [2, 3]},
								"west": {"uv": [14, 0], "uv_size": [2, 3]},
								"up": {"uv": [16, 2], "uv_size": [-2, -2]},
								"down": {"uv": [2, 2], "uv_size": [-2, -2]}
							}
						},
						{
							"origin": [-2, 2, -2],
							"size": [4, 2, 4],
							"uv": {
								"north": {"uv": [4, 0], "uv_size": [4, 2]},
								"east": {"uv": [4, 0], "uv_size": [4, 2]},
								"south": {"uv": [4, 0], "uv_size": [4, 2]},
								"west": {"uv": [4, 0], "uv_size": [4, 2]},
								"up": {"uv": [4, 4], "uv_size": [-4, -4]},
								"down": {"uv": [4, 16], "uv_size": [-4, -4]}
							}
						},
						{
							"origin": [-3, 4, -3],
							"size": [6, 2, 6],
							"uv": {
								"north": {"uv": [2, 0], "uv_size": [6, 2]},
								"east": {"uv": [2, 0], "uv_size": [6, 2]},
								"south": {"uv": [2, 0], "uv_size": [6, 2]},
								"west": {"uv": [2, 0], "uv_size": [6, 2]},
								"up": {"uv": [6, 6], "uv_size": [-6, -6]},
								"down": {"uv": [6, 16], "uv_size": [-6, -6]}
							}
						},
						{
							"origin": [-4, 6, -4],
							"size": [8, 3, 8],
							"uv": {
								"north": {"uv": [0, 0], "uv_size": [8, 3]},
								"east": {"uv": [0, 0], "uv_size": [8, 3]},
								"south": {"uv": [0, 0], "uv_size": [8, 3]},
								"west": {"uv": [0, 0], "uv_size": [8, 3]},
								"up": {"uv": [8, 8], "uv_size": [-8, -8]},
								"down": {"uv": [8, 16], "uv_size": [-8, -8]}
							}
						},
						{
							"origin": [-5, 9, -5],
							"size": [10, 3, 10],
							"uv": {
								"north": {"uv": [0, 0], "uv_size": [10, 3]},
								"east": {"uv": [0, 0], "uv_size": [10, 3]},
								"south": {"uv": [0, 0], "uv_size": [10, 3]},
								"west": {"uv": [0, 0], "uv_size": [10, 3]},
								"up": {"uv": [10, 16], "uv_size": [-10, -10]},
								"down": {"uv": [10, 16], "uv_size": [-10, -10]}
							}
						}
					]
				},
				{
					"name": "body",
					"pivot": [0, 14, 0],
					"cubes": [
						{
							"origin": [-2, 12, -2],
							"size": [4, 4, 4],
							"uv": {
								"north": {"uv": [12, 12], "uv_size": [4, 4]},
								"east": {"uv": [12, 12], "uv_size": [4, 4]},
								"south": {"uv": [12, 12], "uv_size": [4, 4]},
								"west": {"uv": [12, 12], "uv_size": [4, 4]},
								"up": {"uv": [16, 12], "uv_size": [-4, -4]},
								"down": {"uv": [4, 4], "uv_size": [-4, -4]}
							}
						}
					]
				}
			]
		}
	]
}