{
  "performVersionCheck": true,
  "origins": {
    "origins-classes:nitwit": {
      "enabled": true
    },
    "origins:enderian": {
      "enabled": false,
      "origins:throw_ender_pearl": true,
      "origins:water_vulnerability": true,
      "origins:pumpkin_hate": true,
      "origins:extra_reach": true,
      "origins:ender_particles": true,
      "origins:damage_from_potions": true
    },
    "origins:human": {
      "enabled": true
    },
    "origins-classes:lumberjack": {
      "enabled": true,
      "origins-classes:tree_felling": true,
      "origins-classes:more_planks_from_logs": true
    },
    "origins:feline": {
      "enabled": false,
      "origins:fall_immunity": true,
      "origins:sprint_jump": true,
      "origins:velvet_paws": true,
      "origins:nine_lives": true,
      "origins:weak_arms": true,
      "origins:scare_creepers": true,
      "origins:cat_vision": true
    },
    "origins-classes:warrior": {
      "enabled": true,
      "origins-classes:more_attack_damage": true,
      "origins-classes:less_shield_slowdown": true
    },
    "origins:elytrian": {
      "enabled": false,
      "origins:elytra": true,
      "origins:launch_into_air": true,
      "origins:aerial_combatant": true,
      "origins:light_armor": true,
      "origins:claustrophobia": true,
      "origins:more_kinetic_damage": true
    },
    "origins:shulk": {
      "enabled": false,
      "origins:shulker_inventory": true,
      "origins:natural_armor": true,
      "origins:strong_arms": true,
      "origins:strong_arms_break_speed": true,
      "origins:no_shield": true,
      "origins:more_exhaustion": true
    },
    "origins-classes:cleric": {
      "enabled": true,
      "origins-classes:longer_potions": true,
      "origins-classes:better_enchanting": true
    },
    "origins-classes:explorer": {
      "enabled": true,
      "origins-classes:explorer_kit": true,
      "origins-classes:no_sprint_exhaustion": true
    },
    "origins:merling": {
      "enabled": false,
      "origins:water_breathing": true,
      "origins:water_vision": true,
      "origins:aqua_affinity": true,
      "origins:swim_speed": true,
      "origins:like_water": true,
      "origins:aquatic": true,
      "origins:conduit_power_on_land": true,
      "origins:air_from_potions": true
    },
    "origins:phantom": {
      "enabled": false,
      "origins:phantomize": true,
      "origins:translucent": true,
      "origins:phasing": true,
      "origins:invisibility": true,
      "origins:burn_in_daylight": true,
      "origins:hunger_over_time": true,
      "origins:fragile": true,
      "origins:phantomize_overlay": true
    },
    "origins-classes:beastmaster": {
      "enabled": true,
      "origins-classes:tamed_animal_boost": true,
      "origins-classes:tamed_potion_diffusal": true
    },
    "origins-classes:merchant": {
      "enabled": true,
      "origins-classes:trade_availability": true,
      "origins-classes:rare_wandering_loot": true
    },
    "origins:arachnid": {
      "enabled": false,
      "origins:climbing": true,
      "origins:master_of_webs": true,
      "origins:carnivore": true,
      "origins:fragile": true,
      "origins:arthropod": true
    },
    "origins-classes:rancher": {
      "enabled": true,
      "origins-classes:twin_breeding": true,
      "origins-classes:more_animal_loot": true
    },
    "origins:blazeborn": {
      "enabled": false,
      "origins:fire_immunity": true,
      "origins:nether_spawn": true,
      "origins:burning_wrath": true,
      "origins:hotblooded": true,
      "origins:water_vulnerability": true,
      "origins:flame_particles": true,
      "origins:damage_from_snowballs": true,
      "origins:damage_from_potions": true
    },
    "origins:avian": {
      "enabled": false,
      "origins:slow_falling": true,
      "origins:fresh_air": true,
      "origins:like_air": true,
      "origins:tailwind": true,
      "origins:lay_eggs": true,
      "origins:vegetarian": true
    },
    "origins-classes:archer": {
      "enabled": true,
      "origins-classes:no_projectile_divergence": true,
      "origins-classes:less_bow_slowdown": true
    },
    "origins-classes:farmer": {
      "enabled": true,
      "origins-classes:more_crop_drops": true,
      "origins-classes:better_bone_meal": true
    },
    "origins-classes:miner": {
      "enabled": true,
      "origins-classes:more_stone_break_speed": true,
      "origins-classes:no_mining_exhaustion": true
    },
    "origins-classes:blacksmith": {
      "enabled": true,
      "origins-classes:quality_equipment": true,
      "origins-classes:efficient_repairs": true
    },
    "origins-classes:cook": {
      "enabled": true,
      "origins-classes:better_crafted_food": true,
      "origins-classes:more_smoker_xp": true
    },
    "origins-classes:rogue": {
      "enabled": true,
      "origins-classes:sneaky": true,
      "origins-classes:stealth": true,
      "origins-classes:stealth_descriptor": true
    },
    "blue_origins:solar_acolyte": {
      "enabled": true,
      "blue_origins:fire_immunity": true,
      "blue_origins:sun_empowered": true,
      "blue_origins:sun_charged": true,
      "blue_origins:sun_charging": true,
      "blue_origins:sun_supercharge": true,
      "blue_origins:sun_punch": true,
      "blue_origins:sun_punch_fire": true,
      "blue_origins:solar_boom": true,
      "blue_origins:fireball": true,
      "blue_origins:weak_without_sun": true
    },
    "blue_origins:colossal_penguin": {
      "enabled": true,
      "blue_origins:colossal_stature": true,
      "blue_origins:fishy_diet": true,
      "blue_origins:penguin_storage": true
    },
    "blue_origins:waterdragon": {
      "enabled": true,
      "blue_origins:water_adaptiveness": true,
      "blue_origins:water_breath": true,
      "blue_origins:water_eyes": true,
      "blue_origins:dragon_wings": true,
      "blue_origins:ignore_water": true,
      "blue_origins:speedy_dash": true,
      "blue_origins:draconic_strength": true,
      "blue_origins:fire_vul": true,
      "blue_origins:carnivore": true,
      "blue_origins:slender_body": true
    },
    "blue_origins:giant": {
      "enabled": true,
      "blue_origins:gigantic_stature": true
    },
    "blue_origins:adventurer": {
      "enabled": true,
      "blue_origins:climbing": true,
      "blue_origins:crafting_table": true,
      "blue_origins:backpack": true,
      "blue_origins:starter_kit": true,
      "blue_origins:eight_hearts_health": true,
      "blue_origins:cowardly": true
    },
    "blue_origins:casseldox_champion": {
      "enabled": true,
      "blue_origins:meld_into_water": true,
      "blue_origins:nano_armor_charge": true,
      "blue_origins:nano_armor_powerup": true,
      "blue_origins:nano_armor_active": true,
      "blue_origins:psionic_blast_charge": true,
      "blue_origins:psionic_blast_buildup": true,
      "blue_origins:psionic_blast": true
    },
    "blue_origins:flower": {
      "enabled": true,
      "blue_origins:fertilize": true,
      "blue_origins:flower_power": true,
      "blue_origins:flower_power_tooltip": true
    },
    "blue_origins:morphling": {
      "enabled": true
    },
    "blue_origins:red_panda": {
      "enabled": true,
      "blue_origins:small": true,
      "blue_origins:half_health": true,
      "blue_origins:soft_paws": true,
      "blue_origins:enhanced_night_vision": true,
      "blue_origins:bamboo_lover": true,
      "blue_origins:climbing": true,
      "blue_origins:team_cuteness_overload": true,
      "blue_origins:cute": true,
      "blue_origins:ignore_cute": true,
      "blue_origins:activate_cuteness": true
    },
    "blue_origins:time_lord": {
      "enabled": true,
      "blue_origins:time_resource": true,
      "blue_origins:capture_time_over_time": true,
      "blue_origins:instant_teleport": true,
      "blue_origins:instant_heal": true,
      "blue_origins:time_stop": true,
      "blue_origins:time_stop_timer": true
    },
    "blue_origins:crystal_warrior": {
      "enabled": true,
      "blue_origins:crystal_cave_spawn": true,
      "blue_origins:amethyst_cracker": true,
      "blue_origins:eat_amethyst": true
    },
    "blue_origins:pyronoxian": {
      "enabled": true,
      "blue_origins:fiery_essence": true,
      "blue_origins:energy_immunity": true,
      "blue_origins:auto_extinguish": true,
      "blue_origins:fire_power": true,
      "blue_origins:lightning_power": true,
      "blue_origins:light_power": true,
      "blue_origins:power_charge": true,
      "blue_origins:power_of_light_fire_lightning": true,
      "blue_origins:cycle_powers": true,
      "blue_origins:power_selected": true,
      "blue_origins:light_strength": true,
      "blue_origins:no_food": true,
      "blue_origins:fiery_appetite": true,
      "blue_origins:freeze_in_cold_biomes": true,
      "blue_origins:propulsion_reflex": true,
      "blue_origins:pyro_fireball": true,
      "blue_origins:fire_boost": true,
      "blue_origins:sun_form": true,
      "blue_origins:lightning_strike": true,
      "blue_origins:lightning_teleport": true,
      "blue_origins:light_passive": true,
      "blue_origins:bend_light": true,
      "blue_origins:light_vision": true,
      "blue_origins:blink_teleport": true,
      "blue_origins:lightning_passive": true
    },
    "blue_origins:warden": {
      "enabled": true,
      "blue_origins:fire_immunity": true,
      "blue_origins:warden_built": true,
      "blue_origins:warden_shader": true,
      "blue_origins:warden_phys": true,
      "blue_origins:warden_phys_2": true,
      "blue_origins:warden_sense": true,
      "blue_origins:sonic_boom": true,
      "blue_origins:warden_enrage": true
    },
    "blue_origins:dwarf_leprechaun": {
      "enabled": true,
      "blue_origins:vegetarian": true,
      "blue_origins:too_dense": true,
      "blue_origins:lucky": true,
      "blue_origins:lucky_health": true,
      "blue_origins:climbing": true,
      "blue_origins:pot_o_gold": true,
      "blue_origins:wee_lad": true,
      "blue_origins:magic_vul": true,
      "blue_origins:cured_by_clerics": true,
      "blue_origins:fall_immunity": true
    },
    "blue_origins:willowisp": {
      "enabled": true,
      "blue_origins:light_essence": true,
      "blue_origins:very_small": true,
      "blue_origins:miniscule_health": true,
      "blue_origins:naturally_weak": true,
      "blue_origins:creative_flight": true,
      "blue_origins:air_affinity": true,
      "blue_origins:wisp_invis": true,
      "blue_origins:hunger_while_invis": true,
      "blue_origins:must_fly": true,
      "blue_origins:undead_nature": true,
      "blue_origins:slower_while_flying": true,
      "blue_origins:wisp_phase": true,
      "blue_origins:feed_off_death": true,
      "blue_origins:consume_life": true
    },
    "blue_origins:pyronovian": {
      "enabled": true,
      "blue_origins:fiery_essence": true,
      "blue_origins:energy_immunity": true,
      "blue_origins:auto_extinguish": true,
      "blue_origins:fire_power": true,
      "blue_origins:lightning_power": true,
      "blue_origins:light_power": true,
      "blue_origins:power_charge": true,
      "blue_origins:power_of_light_fire_lightning": true,
      "blue_origins:cycle_powers": true,
      "blue_origins:power_selected": true,
      "blue_origins:light_strength": true,
      "blue_origins:no_food": true,
      "blue_origins:fiery_appetite": true,
      "blue_origins:freeze_in_cold_biomes": true,
      "blue_origins:propulsion_reflex": true,
      "blue_origins:pyro_fireball": true,
      "blue_origins:fire_boost": true,
      "blue_origins:sun_form": true,
      "blue_origins:lightning_strike": true,
      "blue_origins:lightning_teleport": true,
      "blue_origins:light_passive": true,
      "blue_origins:bend_light": true,
      "blue_origins:light_vision": true,
      "blue_origins:blink_teleport": true
    }
  }
}