{
	"credit": "Made with Blockbench",
	"textures": {
		"0": "agape_space:block/fluid_extractor",
		"particle": "agape_space:block/fluid_extractor"
	},
	"elements": [
		{
			"from": [5, 5, 5],
			"to": [11, 11, 11],
			"faces": {
				"north": {"uv": [8.5, 8.5, 15.5, 15.5], "texture": "#0"},
				"east": {"uv": [8.5, 8.5, 15.5, 15.5], "texture": "#0"},
				"south": {"uv": [8.5, 8.5, 15.5, 15.5], "texture": "#0"},
				"west": {"uv": [8.5, 8.5, 15.5, 15.5], "texture": "#0"},
				"up": {"uv": [8.5, 8.5, 15.5, 15.5], "texture": "#0"},
				"down": {"uv": [8.5, 8.5, 15.5, 15.5], "texture": "#0"}
			}
		}
	]
}