{
	"credit": "Made with Blockbench",
	"textures": {
		"0": "agape_space:block/wire",
		"particle": "agape_space:block/wire"
	},
	"elements": [
		{
			"from": [7, 7, 0],
			"to": [9, 9, 7],
			"faces": {
				"north": {"uv": [12, 12, 16, 12], "texture": "#0"},
				"east": {"uv": [0, 12, 12, 16], "texture": "#0"},
				"west": {"uv": [0, 12, 12, 16], "texture": "#0"},
				"south": {"uv": [12, 12, 16, 12], "texture": "#0", "cullface": "south"},				
				"up": {"uv": [0, 12, 12, 16], "rotation": 90, "texture": "#0"},
				"down": {"uv": [0, 12, 12, 16], "rotation": 90, "texture": "#0"}
			}
		}
	]
}